field,within_half_sd,within_1_sd,within_2_sd,within_3_sd
log_flux_r_nmgy,0.17684210526315788,0.3136842105263158,0.5515789473684211,0.68
color_ug,0.2863157894736842,0.5242105263157895,0.7936842105263158,0.8905263157894737
color_gr,0.25684210526315787,0.4631578947368421,0.7115789473684211,0.8042105263157895
color_ri,0.2231578947368421,0.42736842105263156,0.72,0.8357894736842105
color_iz,0.32421052631578945,0.5831578947368421,0.8147368421052632,0.9284210526315789
