field,within_half_sd,within_1_sd,within_2_sd,within_3_sd
log_flux_r_nmgy,0.35789473684210527,0.64,0.9178947368421052,0.9894736842105263
color_ug,0.42526315789473684,0.728421052631579,0.9452631578947368,0.9957894736842106
color_gr,0.4063157894736842,0.6778947368421052,0.9305263157894736,0.991578947368421
color_ri,0.40842105263157896,0.6673684210526316,0.9431578947368421,0.9873684210526316
color_iz,0.4105263157894737,0.7094736842105264,0.9389473684210526,0.9894736842105263
